ITEM,VENDOR,STATUS
3517119,15506,Y
3517120,15506,Y
3517121,15506,Y
3463102,15790,Y
3541459,15800,N
3541460,15800,N
3422431,16506,Y
3513556,20779,Y
3515339,17733,Y
3196366,15800,N
3196367,15800,N
3501639,20484,Y
3501640,20484,Y
3501641,20484,Y
3329700,16506,Y
3545292,16760,Y
3132145,15790,Y
3132228,15790,N
3386499,15506,Y
3386500,15506,Y
3386501,15506,Y
3386502,15506,Y
3386503,15506,N
3386504,15506,Y
3386505,15506,Y
3386506,15506,Y
3386507,15506,Y
3386508,15506,Y
3386509,15506,Y
3491227,15506,Y
3491953,15800,N
3008485,12483,Y
3295614,15506,Y
3497823,15506,Y
3372479,16506,Y
3054635,15790,N
3054651,12483,Y
3257943,16760,Y
3257947,16760,Y
3257948,16760,Y
3314153,15506,Y
3314154,15506,Y
3123559,12483,Y
3250058,15506,Y
3250059,15506,Y
3284516,15506,Y
3285331,15800,N
3008472,14653,Y
3008478,12483,Y
3008479,12483,Y
3008481,12483,Y
3008482,12483,Y
3008486,12483,Y
3008490,12483,Y
3449108,16506,Y
3140316,14530,Y
3390942,15790,N
3390945,15790,N
3493891,16506,Y
3493892,16506,Y
3525066,21076,Y
3282741,16760,Y
3535758,21076,Y
3137587,15790,Y
3137588,15790,Y
3137589,15790,N
3515340,17733,N
3515341,17733,Y
3515342,17733,Y
3515343,17733,N
3513552,20779,Y
3513553,20779,N
3513554,20779,N
3513555,20779,N
3521129,20484,Y
3521130,20484,Y
3521131,17733,Y
3314078,16760,Y
3314147,15506,Y
3452209,15506,Y
3452211,17559,Y
3452217,17559,Y
3452218,17559,Y
3452220,17559,Y
3452222,17559,Y
3452223,17559,Y
3184818,15506,Y
3184823,15506,Y
3184824,15506,Y
3500596,17559,Y
3160021,15506,Y
3160022,15506,Y
3160023,15506,Y
3160024,15506,Y
3288046,15800,N
3333828,15506,Y
3333830,15506,Y
3333833,15506,Y
3333834,15506,Y
3333835,15506,Y
3372212,15506,Y
3372213,15506,Y
3372214,15506,N
3372481,16506,Y
3530731,21076,Y
3530732,21076,Y
3530733,21076,Y
3530734,21076,Y
3523764,17559,Y
3523765,17559,Y
3523766,17559,Y
3524461,20536,Y
3524462,20536,Y
3356098,15506,Y
3356101,15506,Y
3192268,16760,Y
3473446,17559,Y
3277949,15506,Y
3277950,15506,Y
3501642,20484,Y
3541455,15800,N
3553316,20779,Y
3269076,16506,Y
3271310,16760,N
3320019,15506,Y
3535759,21076,Y
3535760,21076,Y
3535761,21076,Y
3537271,17733,Y
3384314,15800,Y
3437745,15506,Y
3437748,15506,Y
3437749,15506,Y
3437750,15506,N
3525067,21076,Y
3525068,21076,Y
3525069,21076,Y
3525114,17733,N
3525115,17733,Y
3525116,20484,Y
3527979,17559,Y
3527980,17733,Y
3282513,15506,Y
3282735,16760,Y
3282736,16760,Y
3282737,16760,Y
3466392,15790,N
3467305,15790,N
3217101,15506,Y
3217105,15506,Y
3110820,15790,Y
3110821,15790,Y
3463138,15790,N
3463139,15790,N
3463140,15790,N
3463141,15790,N
3463142,15790,N
3463143,15790,N
3463144,15790,N
3463145,15790,N
3422432,16506,Y
3007093,15790,Y
3296686,15506,N
3343735,15506,Y
3545291,16760,Y
3537640,20536,Y
3538788,20779,Y
3538789,20779,Y
3540979,20779,Y
3540980,20779,Y
3541456,15800,N
3541457,15800,N
3541458,15800,N
3541461,15800,N
3541462,15800,N
3196362,15800,N
3196363,15800,N
3196365,15800,N
3196368,15800,N
3196370,15800,N
3408174,15506,N
3408176,15506,N
3503165,16760,Y
3503301,20536,Y
3503302,20536,Y
3503303,20536,Y
3505767,19219,N
3054454,11266,N
3488562,17259,N
3488563,17259,N
3441648,20846,N
3442428,12320,N
3442429,12320,N
3442481,12320,N
3493351,12320,N
3493352,12320,N
3390935,19028,N
3479885,19219,N
3492416,11119,N
3431913,20846,N
3431914,20846,N
3440244,12320,N
3440249,12320,N
3440252,12320,N
3440951,17259,N
3440952,17259,N
3440953,17259,N
3440955,17259,N
3521651,11119,N
3495074,19219,N
3529246,19219,N
3529247,19219,N
3530120,20846,N
3530121,20846,N
3530295,20846,N
3437747,20846,N
3509078,15348,N
3450830,20846,N
3298228,20846,N
3447980,20846,N
3436535,11773,Y
3507857,11773,N
3507858,11773,N
3517501,11773,Y
3517622,11773,Y
3518223,15208,N
3554245,11773,Y
3550852,11773,Y
3430008,16964,Y
3430009,16964,Y
3430010,16964,N
3554248,11773,Y
3543335,15208,N
3552977,11773,Y
3348369,16964,Y
3550808,15208,Y
3547927,11773,Y
3541465,15208,N
3541466,15208,N
3552978,11773,Y
3552976,11773,Y
3518675,15208,Y
3518676,15208,N
3554249,11773,Y
3554247,11773,Y
3536487,15208,Y
3528752,15208,Y
3550848,11773,N
3550850,11773,Y
3542949,16964,Y
3542950,16964,Y
3519234,11773,Y
3404156,11773,Y
3507586,11773,N
3554236,15208,N
3426542,12995,Y
3426543,12995,Y
3437855,11773,Y
3437856,11773,Y
3438238,11773,Y
3519560,11773,Y
3519561,11773,Y
3520312,20888,Y
3520313,20888,Y
3055280,12989,Y
3055281,10985,Y
3055284,10985,Y
3055286,10985,Y
3055287,10985,Y
3055288,10985,Y
3055289,10985,Y
3055291,10985,Y
3062359,10985,Y
3318296,16964,Y
3190990,11777,Y
3190991,11777,Y
3501372,15208,Y
3509230,11773,N
3509231,11773,N
3509233,11773,N
3509234,11773,Y
3509236,11773,Y
3101964,13979,Y
3101976,13979,Y
3102010,13979,Y
3103381,10985,Y
3103382,10985,Y
3283554,11773,Y
3368148,11773,N
3368149,11773,N
3368150,11773,Y
3368151,11773,Y
3475382,16964,N
3475383,16964,Y
3475665,16964,N
3476194,11773,Y
3476195,11773,Y
3476196,11773,Y
3476198,11773,N
3476199,11773,Y
3476200,11773,Y
3476201,11773,N
3476202,11773,Y
3538419,15208,Y
3543870,11773,Y
3544246,11773,Y
3218628,11773,Y
3517621,11773,Y
3541545,11773,Y
3557777,15208,Y
3557783,11773,Y
3557782,11773,Y
3554246,11773,Y
3534601,15208,Y
3348367,16964,Y
3348368,16964,Y
3448562,11773,Y
3448564,11773,N
3419927,11773,Y
3385771,11773,N
3430007,16964,Y
3520753,11773,Y
3295021,11773,N
3295023,11773,N
3412002,11773,N
3497612,16964,Y
3403438,11773,Y
3533694,15208,N
3533695,15208,N
3459960,11773,N
3556029,11773,Y
3490336,11773,N
3055152,11773,Y
3055153,11773,Y
3055154,11773,Y
3055204,11773,Y
3260451,11773,Y
3260454,11773,Y
3314547,11773,Y
3357483,16964,N
3327143,16964,Y
3327144,16964,Y
3382940,11773,Y
3382941,11773,Y
3383606,13468,Y
3383607,13468,Y
3383608,13468,Y
3383609,13468,Y
3397927,11011,Y
3012794,12989,Y
3031987,11773,Y
3031988,11773,Y
3031989,11773,Y
3032106,11773,Y
3253175,12989,Y
3457912,11773,N
3457913,11773,N
3457914,11773,Y
3457915,11773,Y
3279756,11773,Y
3279757,11773,Y
3325237,11773,Y
3444318,11773,Y
3444794,11011,Y
3350607,16964,Y
3350608,16964,Y
3449943,16964,Y
3181800,13979,Y
3389078,11773,Y
3493317,11773,N
3493318,11773,Y
3493423,15208,Y
3493424,15208,Y
3390753,11773,Y
3390754,11773,Y
3390755,11773,Y
3494100,13468,Y
3494101,13468,Y
3494102,13468,Y
3494103,13468,Y
3422584,11773,Y
3392947,11773,Y
3538906,15208,N
3538907,15208,N
3449947,16964,N
3555039,11773,Y
3134265,11773,Y
3387567,16964,Y
3387568,16964,Y
3387569,16964,Y
3479552,11773,Y
3434401,11773,N
3434402,11773,N
3434403,11773,Y
3434405,11773,N
3506580,15208,Y
3515856,11773,N
3531392,15208,Y
3419926,11773,Y
3523140,15208,Y
3523141,15208,N
3523181,11773,Y
3523363,11773,Y
3523364,11773,Y
3523365,11773,Y
3430483,11777,Y
3430484,11777,Y
3430485,11777,Y
3440906,16964,Y
3521071,11773,Y
3521072,11773,Y
3521073,11773,N
3521074,11773,Y
3374925,16964,Y
3374926,16964,Y
3374927,16964,Y
3480412,11773,Y
3480413,11773,N
3480422,11773,Y
3403272,11773,Y
3404154,11773,Y
3414888,11773,Y
3508978,11773,Y
3382457,12989,Y
3487359,11773,N
3487361,11773,Y
3487363,11773,N
3487364,11773,N
3487366,12989,Y
3487674,11773,Y
3496126,15208,Y
3496127,15208,Y
3223203,12989,Y
3288346,11773,Y
3372352,16964,N
3459152,11773,N
3528748,15208,N
3528749,15208,Y
3528750,15208,Y
3433469,16964,Y
3513945,11773,Y
3513947,11773,Y
3513972,11773,N
3524413,11773,N
3524414,11773,N
3524415,11773,N
3524416,11773,N
3311633,10985,Y
3311748,16964,Y
3312777,11773,N
3312779,11773,Y
3312780,11773,Y
3458930,11773,Y
3446423,11773,N
3446427,11773,N
3081035,11773,Y
3556424,11773,Y
3535085,15208,Y
3556030,11773,Y
3392119,11011,Y
3392121,11011,Y
3392948,11773,Y
3392949,11773,Y
3392951,11773,Y
3371132,10985,Y
3477798,18833,Y
3477799,18833,Y
3477800,18833,Y
3473447,18833,Y
3364612,16964,Y
3455364,11773,N
3455946,11011,Y
3406659,16964,Y
3406717,11773,Y
3406719,11773,Y
3406721,11773,Y
3406723,11773,Y
3507585,11773,N
3419604,11773,Y
3422258,11773,Y
3422250,11773,Y
3519233,11773,Y
3392950,11773,Y
3517502,11773,Y
3390756,11773,Y
3476197,11773,Y
3011823,11773,N
3509235,11773,Y
3438240,11773,Y
3436536,11773,Y
3434404,11773,N
3552975,11773,Y
3368152,11773,Y
3537737,15208,N
3548188,11773,Y
3548189,11773,Y
3548191,11773,Y
3555041,11773,Y
3448563,11773,Y
3555042,11773,Y
3546767,11773,Y
3555040,11773,Y
3503276,11773,Y
3503277,11773,N
3419131,11773,Y
3422582,11773,Y
3490338,11773,Y
3312781,11773,Y
3342478,11773,N
3550806,15208,Y
3065101,11773,Y
3065131,11773,Y
3533214,11773,Y
3533215,11773,Y
3534020,15208,Y
3535084,15208,Y
3535595,11773,Y
3535596,11773,Y
3535608,15208,Y
3536397,11773,Y
3536398,11773,Y
3536399,11773,Y
3536400,11773,Y
3536484,15208,Y
3536485,15208,Y
3536486,15208,Y
3168725,11773,N
3168726,11773,Y
3168727,11773,Y
3168728,11773,N
3168729,11773,Y
3168730,11773,Y
3168732,11773,N
3490335,11773,N
3490337,11773,N
3518674,15208,Y
3518677,15208,N
3518681,11773,N
3518682,11773,Y
3518688,11773,Y
3519231,11773,Y
3519232,11773,Y
3557778,15208,N
3307987,12989,Y
3352971,16964,Y
3352974,16964,Y
3450259,11773,Y
3450271,11773,Y
3362388,11773,Y
3011821,11773,Y
3011822,11773,Y
3012259,11773,Y
3012260,11773,Y
3012311,11773,Y
3246587,12989,Y
3281313,11773,Y
3281318,11773,Y
3281320,11773,N
3281321,11773,Y
3281511,11773,Y
3282933,11773,N
3328714,11773,Y
3509253,11773,Y
3378042,16964,N
3217698,11777,Y
3336962,16964,N
3336963,16964,N
3460722,11773,Y
3460723,11773,N
3400317,11773,N
3400318,11773,N
3400319,11773,N
3413586,11773,Y
3422249,11773,Y
3422251,11773,Y
3422252,11773,Y
3422259,11773,Y
3422473,11773,Y
3422474,11773,N
3422581,11773,Y
3422583,11773,Y
3542948,16964,Y
3542951,16964,Y
3543334,15208,Y
3543871,11773,Y
3543872,11773,Y
3298487,16964,Y
3298488,16964,Y
3298489,16964,Y
3300069,12989,Y
3300070,11773,Y
3300071,11773,Y
3342477,11773,Y
3342479,11773,Y
3343026,16964,Y
3343029,16964,Y
3343030,16964,Y
3343031,16964,Y
3344279,11773,Y
3344291,16964,Y
3544249,11773,Y
3545124,11773,Y
3546388,11773,Y
3546389,11773,Y
3546390,11773,Y
3546391,11773,Y
3547498,11773,Y
3547499,11773,Y
3547500,11773,Y
3547501,11773,Y
3548190,11773,Y
3409368,11773,Y
3409369,11773,Y
3419129,11773,Y
3419602,11773,Y
3419603,11773,Y
3419605,11773,Y
3504123,15208,N
3504124,15208,N
3537715,15208,Y
3538420,15208,Y
3538565,11773,Y
3538566,11773,Y
3538567,11773,Y
3538568,11773,Y
3538569,11773,Y
3538570,11773,Y
3538571,11773,Y
3538908,15208,Y
3540798,20888,Y
3541385,11773,Y
3541386,11773,Y
3541387,11773,Y
3541388,11773,Y
3541389,11773,Y
3541390,11773,Y
3541391,11773,Y
3541392,11773,Y
3541467,15208,N
3541546,11773,Y
3541547,11773,Y
3541924,11773,Y
3541939,11773,Y
3541940,11773,Y
3541941,11773,Y
3407767,11773,Y
